id,vB1ZCxkO4,fDHVAdQhv
5Qs1w5KvLoZ06kNWGvJdsJ8kShS2,,ジオマンサー
6NM53j3Be0THc9LrQH3qlTWdmhq1,,仮 2.5 最新版 2025 8/23日版; 梓みふゆ; イマジナリーやちよ
7M2NXbsVpGZDqPky842I8gSnaH92,コンスタンツェ,急いでおく仮
9Z1616uZVdeFDHwMuhEFBWqoiUa2,フラミィ; ユミア,イアソン; ホームベー仮ー; メアリー・リード
GuNF7yUZz8Rc0Nqp5yjkSTitoar1,,シュレディンガーの仮; デキルオ
OgfzoNsAbmaDaM3zOL6f9GqOse62,,守りの剣
ZWpZIol93MO5Ti1OwT3bA5v8Kzh1, ; アイリス; フシデ,
cwoC0hOXe1hzwdyhO6QQnxxHj8w1,ネティ; 日曜日; 火曜日,
hfIMuy0kwmfI7TnLHZzsk5qVmka2,,サレハルド; とり置き仮
j3mPAA4fxQQmzZLzUf9a9gGt4W32,system; 　; 彩芽; 御剣怜侍; 柊木 梢,ソドワキャンペの入れ替わりだったら乗りたい補欠シャン; noname; キルヒア
jthAjviOsBT0onsNHu5wJ5CXLxF2,,煉獄仮寿郎
mtd3vmi19IQK4ghFBNWpLUP2pK22,GM,
r84EOoYdIjXbaimVSTjEyaYTcLQ2,,ポルノ; 煉獄仮寿郎; 煉獄仮太郎
sa8JECwmxxW8fpHUgOcCIBkO4XA2,クラン・クラン; クラン・クラン(L),
yYPD0jB2f9UXy4JlWsg5iqhSPYe2,system; シイネ; ファミリア・蛙,GM; ミストトレインガールズ

